sale_id,customer_id,sale_date,product_id,quantity,amount,salesperson_id
1,55,2025-06-01,110,4,178.26,174
2,69,2021-04-26,84,7,38.43,200
3,122,2019-02-06,117,3,234.5,154
4,58,2019-02-04,33,10,511.38,183
5,109,2022-02-01,115,7,675.49,118
6,56,2021-10-29,60,5,365.46,150
7,2,2020-02-24,66,6,27.49,77
8,124,2020-03-18,9,6,408.24,164
9,71,2022-08-24,34,5,137.46,39
10,62,2024-10-19,116,1,47.46,170
11,36,2022-08-02,93,1,26.72,76
12,108,2021-11-28,52,7,641.97,150
13,49,2025-06-01,44,4,304.74,172
14,130,2023-01-08,39,3,81.31,76
15,121,2020-02-04,17,5,114.43,175
16,23,2022-10-06,29,6,150.42,191
17,108,2022-06-11,101,6,117.94,67
18,76,2025-07-26,60,2,146.18,14
19,149,2025-07-18,80,2,67.3,50
20,31,2024-08-11,112,7,623.38,106
21,39,2019-08-10,18,4,163.91,105
22,118,2025-05-21,19,6,202.86,200
23,125,2019-11-28,43,3,203.04,163
24,2,2019-08-26,58,5,126.78,195
25,148,2020-11-21,98,3,171.59,196
26,34,2019-12-27,79,7,343.85,104
27,123,2023-10-24,50,1,71.2,137
28,96,2021-03-27,2,6,441.35,5
29,64,2019-01-17,29,6,142.51,34
30,99,2020-02-25,65,10,404.1,43
31,12,2019-09-25,39,5,121.25,187
32,135,2024-11-01,44,7,596.04,88
33,92,2024-06-30,97,4,345.72,104
34,59,2019-03-20,29,3,75.21,188
35,130,2019-03-31,22,2,53.44,183
36,97,2019-06-03,113,5,440.1,153
37,28,2019-07-16,84,1,5.49,177
38,107,2020-04-19,57,7,739.76,141
39,122,2021-11-01,90,3,85.76,178
40,78,2019-02-08,54,2,173.34,160
41,36,2025-10-16,54,2,192.6,73
42,28,2020-04-11,64,4,53.28,200
43,134,2021-12-13,26,6,502.66,76
44,11,2020-10-18,71,8,856.14,177
45,85,2024-05-22,31,1,25.79,172
46,29,2019-12-31,107,10,901.94,39
47,131,2020-01-04,10,2,376.4,165
48,117,2021-08-04,38,5,265.46,13
49,45,2020-02-13,112,1,89.06,93
50,110,2022-07-04,95,2,138.56,195
51,3,2019-07-07,110,3,133.69,85
52,113,2023-01-04,80,5,197.95,96
53,47,2022-11-04,15,7,252.22,117
54,99,2022-01-18,89,8,450.43,167
55,29,2020-11-14,17,1,22.89,27
56,124,2023-09-01,103,10,721.56,47
57,92,2023-04-05,79,1,54.9,124
58,29,2024-06-22,114,7,520.86,12
59,67,2019-09-17,84,6,32.94,181
60,148,2024-11-19,93,10,298.58,172
61,133,2022-10-17,67,10,1203.0,111
62,124,2021-10-15,45,7,46.48,143
63,3,2019-08-12,83,3,302.02,127
64,20,2020-11-08,97,8,655.06,62
65,72,2022-09-17,7,9,646.38,141
66,104,2023-03-31,105,4,216.64,118
67,147,2023-12-25,58,2,45.37,115
68,31,2022-07-18,64,1,14.02,104
69,10,2023-08-16,72,9,111.87,24
70,78,2025-10-10,114,9,748.47,168
71,88,2024-02-12,47,1,34.2,117
72,144,2022-09-21,99,10,743.84,184
73,116,2023-01-28,15,2,80.54,1
74,91,2022-10-30,107,5,477.49,180
75,12,2020-03-11,115,3,273.41,36
76,28,2023-08-04,33,10,539.79,49
77,101,2020-05-09,28,8,90.36,184
78,28,2022-10-16,97,7,636.86,163
79,32,2025-08-08,99,8,595.07,169
80,130,2025-08-10,18,8,364.24,136
81,142,2019-07-18,120,7,296.25,131
82,149,2020-12-26,23,3,247.35,100
83,83,2025-09-25,65,7,267.16,156
84,71,2021-10-13,51,6,29.38,116
85,36,2020-06-30,53,10,1259.01,180
86,81,2025-02-21,92,9,301.64,52
87,75,2021-05-08,88,6,447.62,182
88,129,2020-12-29,70,6,361.38,195
89,144,2022-12-13,62,10,447.27,173
90,74,2024-12-26,113,7,616.14,134
91,7,2020-03-12,49,3,376.86,172
92,52,2019-08-20,35,3,380.05,175
93,38,2021-10-23,108,1,28.21,53
94,9,2025-01-25,46,8,332.96,158
95,58,2025-04-20,96,9,208.69,61
96,74,2024-09-23,89,1,56.3,100
97,81,2023-09-03,71,1,112.65,191
98,52,2021-10-26,80,8,300.88,163
99,140,2023-02-15,95,10,658.16,199
100,76,2021-03-03,58,3,80.07,48
101,132,2020-12-12,16,7,597.52,110
102,143,2022-02-17,34,3,82.48,150
103,2,2021-11-10,43,8,571.52,11
104,83,2020-09-21,77,1,56.66,126
105,141,2025-06-03,46,2,74.92,135
106,48,2021-06-19,67,2,228.57,107
107,138,2025-02-02,52,2,165.08,57
108,85,2021-05-23,43,6,406.08,56
109,122,2024-12-12,72,1,12.43,172
110,115,2022-11-18,31,10,245.0,11
111,98,2022-08-07,118,2,72.4,66
112,73,2025-01-21,4,9,786.92,132
113,115,2024-09-14,63,1,76.18,167
114,83,2021-02-27,66,2,10.18,43
115,137,2025-01-12,1,2,131.69,172
116,109,2021-05-23,107,2,201.61,138
117,19,2023-11-18,96,3,81.84,118
118,10,2022-09-20,12,2,200.84,46
119,143,2021-10-28,10,10,1986.55,67
120,100,2023-07-28,58,7,158.81,81
121,100,2019-03-11,87,2,97.86,165
122,150,2019-09-17,6,2,31.48,129
123,75,2020-03-10,101,5,109.2,73
124,98,2023-11-28,51,1,4.62,41
125,57,2024-12-25,18,7,286.84,163
126,77,2020-08-13,87,6,293.58,142
127,37,2025-03-23,16,1,85.36,147
128,101,2025-09-09,69,9,336.6,79
129,89,2021-05-10,28,7,79.07,42
130,57,2021-01-23,79,5,274.5,30
131,146,2021-01-12,110,1,39.87,166
132,19,2025-03-01,38,2,112.43,26
133,149,2021-03-19,63,6,457.11,33
134,26,2021-08-18,37,10,360.1,50
135,125,2022-07-25,58,6,144.13,178
136,40,2025-07-20,73,10,913.77,81
137,44,2023-10-21,1,6,395.07,57
138,71,2023-11-22,108,6,178.64,174
139,123,2022-09-20,60,8,619.13,199
140,125,2022-06-05,71,2,214.04,166
141,21,2025-10-20,108,5,148.86,138
142,68,2021-03-15,94,2,177.96,5
143,8,2024-09-08,105,10,460.36,197
144,55,2025-08-13,117,1,74.05,140
145,121,2025-01-19,84,3,14.82,101
146,75,2021-07-03,18,8,364.24,102
147,129,2023-01-30,2,4,294.23,194
148,36,2024-10-06,58,3,76.07,145
149,38,2025-05-06,95,8,498.82,11
150,125,2021-06-15,30,2,147.92,95
151,11,2021-08-16,86,4,119.09,100
152,117,2024-04-07,113,1,88.02,167
153,27,2022-08-20,91,9,378.11,190
154,149,2021-12-14,70,10,572.18,97
155,94,2023-03-31,76,2,132.26,97
156,133,2021-07-01,52,6,495.23,125
157,2,2024-05-28,65,3,114.49,43
158,20,2021-07-31,66,5,24.18,39
159,41,2021-02-04,47,10,360.0,170
160,107,2021-08-01,104,6,476.46,124
161,123,2024-05-15,27,10,546.92,166
162,6,2023-08-11,32,1,60.48,147
163,42,2025-08-23,18,9,409.77,147
164,15,2020-08-24,22,5,141.03,133
165,145,2023-07-19,82,1,73.34,22
166,115,2021-06-06,78,8,210.73,44
167,106,2021-06-17,77,3,179.44,160
168,68,2024-09-23,22,6,151.42,153
169,18,2025-08-16,30,7,488.97,34
170,5,2020-03-20,26,9,753.98,39
171,25,2025-10-16,23,8,659.6,137
172,31,2024-08-23,12,8,763.19,155
173,1,2025-01-17,115,7,637.96,95
174,136,2019-06-27,55,4,53.62,197
175,90,2023-04-11,76,10,734.8,109
176,66,2020-07-02,62,4,210.48,73
177,140,2025-09-16,53,5,664.48,2
178,148,2019-01-30,67,2,240.6,97
179,81,2021-04-21,53,6,839.34,40
180,150,2023-10-12,33,5,241.48,145
181,71,2023-02-06,88,7,522.22,106
182,143,2025-03-11,62,3,142.07,144
183,124,2025-03-22,33,5,255.69,199
184,36,2023-06-19,110,2,89.13,115
185,26,2020-10-24,28,9,90.96,87
186,14,2025-03-05,21,7,1033.13,24
187,121,2020-08-18,119,10,577.74,23
188,68,2019-09-20,29,6,158.34,156
189,99,2019-06-04,120,7,313.68,183
190,15,2025-09-13,100,3,204.48,113
191,52,2019-02-13,109,9,622.73,50
192,131,2019-05-18,67,4,457.14,173
193,93,2019-05-28,31,1,24.5,23
194,103,2022-02-04,46,7,247.64,151
195,133,2021-03-31,2,2,154.86,141
196,144,2022-03-11,118,10,383.31,89
197,58,2022-02-06,78,4,105.37,104
198,2,2025-06-12,34,3,73.8,130
199,144,2020-03-12,10,9,1693.79,88
200,132,2020-04-24,33,9,460.24,178
201,97,2023-12-19,73,8,771.63,194
202,118,2022-10-23,88,8,628.24,124
203,67,2020-04-21,9,7,502.74,174
204,81,2021-07-30,53,6,839.34,180
205,64,2021-12-14,37,2,61.22,173
206,20,2022-11-01,71,3,287.26,81
207,56,2022-12-19,115,10,964.98,47
208,128,2021-02-17,95,4,263.26,189
209,68,2021-09-18,27,4,218.77,64
210,40,2022-12-29,100,2,160.38,21
211,2,2024-07-10,98,9,605.61,124
212,81,2023-03-01,64,10,126.18,126
213,131,2021-01-19,36,7,534.39,193
214,33,2025-06-20,7,9,578.34,123
215,9,2025-01-23,65,6,228.99,176
216,118,2020-12-16,16,9,653.0,81
217,4,2019-02-04,87,4,166.36,149
218,84,2020-02-17,47,10,324.0,48
219,68,2025-02-24,31,5,109.61,157
220,94,2022-11-06,24,8,132.67,54
221,96,2023-09-13,47,7,226.8,116
222,147,2021-01-06,17,10,228.86,26
223,61,2022-01-10,72,7,73.96,51
224,39,2020-08-20,61,1,17.02,108
225,35,2024-08-08,115,9,868.48,125
226,65,2022-05-13,72,10,124.3,102
227,42,2020-02-10,8,4,271.98,122
228,116,2020-01-30,96,6,147.31,93
229,144,2023-01-15,72,5,55.94,6
230,32,2023-08-14,45,10,66.4,148
231,138,2025-06-16,23,5,371.02,84
232,125,2024-09-21,100,8,641.52,98
233,119,2022-03-19,81,3,169.69,164
234,108,2022-10-13,81,10,506.09,19
235,42,2019-11-21,44,4,322.67,82
236,69,2022-04-08,78,7,195.24,114
237,134,2023-01-27,58,7,177.49,48
238,33,2019-04-05,94,4,320.33,191
239,54,2019-11-24,22,7,207.83,25
240,122,2019-09-19,71,1,112.65,198
241,135,2023-06-15,98,2,134.58,68
242,22,2020-09-28,84,7,34.59,59
243,73,2021-10-10,57,3,301.19,135
244,8,2020-11-29,5,6,54.59,122
245,139,2024-03-28,120,5,211.61,35
246,46,2025-01-17,76,10,624.58,162
247,112,2025-04-29,68,9,98.9,89
248,139,2024-05-26,30,2,139.71,79
249,106,2023-02-07,34,3,78.14,3
250,134,2019-01-01,105,3,146.23,74
251,137,2024-04-05,2,8,526.52,77
252,111,2019-02-07,103,5,403.23,2
253,96,2025-02-23,25,7,214.91,102
254,42,2021-10-20,92,7,209.92,57
255,21,2021-12-13,55,4,56.77,73
256,69,2024-12-18,53,4,559.56,47
257,75,2020-07-13,15,8,288.25,70
258,49,2024-07-08,42,1,47.89,13
259,6,2024-12-31,24,2,35.12,69
260,113,2020-05-27,94,1,84.53,24
261,4,2020-09-09,64,4,50.47,108
262,128,2022-06-30,48,8,230.96,85
263,38,2019-11-25,8,5,321.09,19
264,121,2025-02-02,24,4,70.24,98
265,32,2019-02-21,99,4,297.53,198
266,64,2023-12-20,95,1,65.82,118
267,134,2020-01-20,86,4,112.47,100
268,83,2022-07-02,21,1,147.59,65
269,77,2024-05-25,26,6,591.36,171
270,29,2021-06-11,31,7,162.48,4
271,71,2020-11-16,75,2,26.76,63
272,11,2019-02-06,75,8,119.62,96
273,64,2020-01-02,21,8,1180.72,176
274,16,2022-10-18,8,6,430.63,180
275,28,2025-01-05,17,8,183.08,82
276,89,2025-04-06,104,8,603.52,6
277,92,2023-03-28,93,3,84.86,11
278,113,2024-06-10,72,5,52.83,49
279,48,2025-05-10,70,6,325.24,188
280,71,2024-04-02,112,10,940.02,18
281,40,2024-12-15,58,5,120.11,139
282,117,2023-02-12,1,9,530.22,188
283,5,2021-01-29,80,6,225.66,83
284,138,2019-09-17,105,7,360.16,135
285,142,2024-07-30,20,10,524.43,83
286,83,2023-08-06,15,2,84.78,12
287,46,2020-06-15,112,1,94.0,28
288,50,2024-06-11,13,1,79.19,169
289,135,2024-06-29,80,10,356.31,13
290,57,2023-02-09,78,2,61.98,54
291,21,2024-07-05,60,1,77.39,143
292,95,2023-08-31,102,1,29.33,136
293,19,2019-06-16,107,5,530.55,56
294,25,2024-10-28,13,4,316.74,49
295,135,2021-03-02,85,4,533.22,143
296,107,2025-04-05,96,2,49.1,173
297,110,2024-02-22,114,2,166.33,47
298,103,2025-03-02,65,6,255.93,137
299,114,2025-09-23,120,6,268.87,141
300,96,2022-08-22,53,7,881.31,156
301,145,2021-09-12,70,4,204.78,197
302,66,2025-03-03,47,8,244.8,102
303,9,2019-01-01,37,10,360.1,133
304,78,2020-07-07,1,5,329.22,55
305,6,2022-07-13,99,5,415.67,25
306,118,2019-06-04,46,3,118.62,68
307,150,2023-02-12,32,4,229.18,77
308,147,2020-01-12,52,10,871.24,188
309,84,2019-11-13,102,8,247.68,125
310,25,2025-06-18,77,5,314.8,188
311,98,2025-06-18,11,1,70.06,90
312,107,2023-11-14,120,2,94.6,192
313,3,2025-10-03,82,7,570.43,79
314,11,2024-11-17,41,9,199.22,84
315,57,2024-08-19,20,1,49.53,115
316,148,2025-09-03,65,2,85.31,111
317,101,2022-04-01,19,3,96.09,22
318,147,2024-05-03,96,1,23.19,68
319,103,2019-12-15,65,7,298.58,196
320,124,2020-07-06,72,4,42.26,102
321,51,2025-05-29,72,10,118.08,63
322,69,2019-10-21,100,7,505.2,176
323,23,2025-06-17,15,7,252.22,94
324,49,2022-11-27,42,6,302.46,198
325,44,2022-06-02,45,10,59.42,160
326,113,2020-08-20,6,4,66.46,176
327,40,2023-03-12,97,2,181.96,190
328,63,2019-08-12,80,3,106.89,4
329,29,2022-11-07,40,8,605.88,6
330,54,2022-09-21,95,9,592.34,53
331,134,2025-02-16,97,5,386.66,160
332,5,2020-08-01,49,10,1256.2,66
333,16,2020-11-28,37,4,129.64,14
334,3,2024-03-19,9,7,476.28,170
335,28,2023-01-15,3,5,417.86,60
336,131,2023-04-09,91,2,84.02,125
337,137,2025-09-11,12,3,286.2,129
338,144,2024-02-19,119,1,67.97,64
339,79,2024-12-08,43,8,511.36,191
340,5,2020-10-05,45,6,37.75,161
341,61,2022-05-23,65,5,224.5,161
342,100,2021-11-21,114,1,78.79,58
343,88,2020-09-13,115,7,713.01,23
344,134,2023-04-15,87,10,464.84,107
345,147,2021-09-11,20,7,367.1,155
346,115,2022-09-10,70,3,171.66,168
347,149,2020-07-21,70,4,228.87,80
348,35,2024-11-15,56,3,101.55,82
349,143,2019-10-05,69,2,71.06,82
350,8,2020-08-19,98,6,343.18,106
351,114,2022-05-27,96,5,129.58,200
352,28,2021-02-08,17,3,72.27,196
353,146,2021-12-29,79,4,219.6,60
354,92,2019-04-17,11,8,591.58,129
355,121,2025-10-12,92,6,201.1,100
356,122,2024-07-05,18,3,129.76,58
357,105,2019-05-13,98,1,60.56,106
358,52,2021-06-30,97,4,363.92,46
359,126,2023-12-05,89,6,337.82,64
360,104,2023-10-18,100,1,68.16,185
361,101,2022-07-05,79,10,577.9,134
362,116,2020-03-23,59,1,69.11,133
363,102,2025-01-12,95,1,58.89,133
364,49,2019-07-21,38,8,424.73,78
365,119,2022-03-17,22,7,187.05,157
366,133,2019-08-12,116,3,142.39,166
367,24,2024-01-25,93,9,282.87,47
368,140,2025-07-25,18,7,270.9,83
369,7,2024-01-21,23,8,626.62,117
370,65,2020-01-05,42,3,151.23,24
371,116,2020-04-12,82,6,488.94,135
372,131,2023-04-23,79,3,147.36,141
373,12,2023-04-08,99,3,236.28,145
374,42,2020-09-06,112,3,282.01,197
375,108,2019-07-30,40,5,378.68,74
376,31,2021-01-10,116,3,159.14,1
377,4,2021-11-02,59,8,494.7,140
378,127,2019-01-24,31,4,87.69,117
379,114,2023-08-07,11,10,778.4,63
380,72,2025-02-19,80,9,338.49,13
381,38,2021-01-27,8,6,453.3,38
382,148,2019-05-13,108,10,282.06,85
383,13,2019-12-26,14,7,539.05,42
384,147,2022-03-10,101,9,186.73,117
385,93,2025-06-29,120,1,49.79,197
386,83,2022-05-10,48,7,202.09,195
387,141,2023-10-17,9,5,321.3,35
388,71,2020-05-14,43,9,575.28,135
389,54,2021-05-09,79,1,57.79,147
390,23,2024-12-06,62,10,473.58,110
391,82,2025-10-29,34,9,234.41,34
392,128,2025-04-23,67,8,818.04,47
393,60,2025-11-01,91,5,221.73,1
394,7,2020-04-29,60,2,163.38,158
395,106,2023-08-26,6,6,94.45,144
396,3,2021-05-19,82,4,293.36,66
397,79,2019-10-05,39,9,231.09,197
398,30,2019-01-26,88,6,424.06,102
399,8,2025-05-19,107,3,302.41,85
400,123,2022-10-16,118,8,340.72,166
401,124,2020-07-10,20,8,419.54,119
402,15,2023-08-23,107,9,859.49,145
403,143,2022-07-16,69,1,35.53,148
404,91,2022-09-20,9,3,204.12,8
405,97,2022-10-21,81,9,509.07,147
406,100,2025-10-16,24,10,195.1,193
407,81,2022-06-16,91,1,42.01,106
408,128,2019-12-22,113,4,316.87,116
409,56,2022-05-24,68,5,58.0,29
410,10,2023-03-13,100,4,320.76,114
411,7,2024-09-03,103,8,645.16,49
412,124,2022-10-25,94,9,720.74,199
413,37,2022-09-02,99,2,166.27,53
414,118,2019-05-30,50,9,640.8,2
415,12,2022-06-27,88,10,785.3,86
416,12,2024-03-27,14,9,656.59,6
417,80,2025-06-23,82,4,293.36,52
418,74,2021-02-27,36,9,650.92,198
419,31,2023-12-12,35,3,401.17,71
420,4,2020-04-13,80,9,356.31,53
421,90,2025-01-31,71,6,608.31,37
422,147,2022-03-06,32,3,190.98,80
423,139,2022-10-19,57,1,100.4,8
424,13,2024-04-12,14,7,567.42,23
425,101,2023-10-13,23,10,700.82,158
426,80,2022-12-27,43,4,300.8,194
427,146,2024-03-22,17,2,40.95,25
428,80,2024-02-10,88,8,534.0,60
429,37,2021-07-05,111,10,416.61,94
430,47,2023-05-25,90,6,162.49,117
431,8,2024-06-19,9,8,604.8,90
432,119,2024-05-14,109,3,207.58,197
433,148,2022-11-28,17,9,216.81,104
434,84,2020-03-14,72,2,22.37,137
435,103,2024-03-03,76,7,488.64,159
436,141,2021-09-25,21,8,1003.61,17
437,54,2022-10-27,105,10,460.36,112
438,88,2025-05-12,70,4,228.87,170
439,147,2019-11-16,108,8,250.72,152
440,119,2025-09-07,42,9,453.69,114
441,79,2020-12-22,52,2,183.42,176
442,98,2025-09-08,42,8,403.28,24
443,36,2021-06-10,114,10,875.4,194
444,39,2020-08-23,58,9,216.19,100
445,115,2025-06-25,26,4,354.82,77
446,78,2025-05-24,118,7,268.32,23
447,3,2025-07-14,79,9,442.09,33
448,16,2022-04-19,48,9,259.83,1
449,92,2025-04-12,15,5,211.95,61
450,101,2023-11-04,81,6,303.65,104
451,112,2023-04-12,70,4,228.87,122
452,49,2020-07-23,72,7,78.31,107
453,74,2020-09-23,112,3,282.01,3
454,5,2019-10-21,19,8,242.01,35
455,36,2019-12-13,83,7,704.72,179
456,109,2025-10-11,80,3,100.95,131
457,142,2023-10-04,105,8,368.29,91
458,48,2021-07-13,55,10,157.7,148
459,61,2024-08-02,92,9,285.77,106
460,148,2025-02-15,47,1,36.0,146
461,95,2024-06-02,15,10,360.32,177
462,37,2019-11-24,94,9,720.74,120
463,21,2024-10-18,67,10,1203.0,63
464,20,2024-04-19,88,9,636.09,157
465,88,2019-08-05,69,1,31.79,117
466,121,2024-09-30,74,6,282.59,91
467,75,2022-04-21,22,1,26.72,187
468,67,2025-04-27,8,8,574.18,147
469,75,2019-07-31,104,10,794.1,74
470,22,2024-06-08,17,9,216.81,72
471,34,2021-10-29,79,5,260.06,66
472,29,2019-02-28,78,3,88.32,169
473,95,2024-01-04,104,3,214.41,180
474,125,2021-08-25,24,9,175.59,88
475,38,2019-12-12,77,3,160.55,193
476,99,2023-08-19,31,8,196.0,54
477,89,2025-06-24,7,5,378.0,14
478,119,2020-11-17,52,8,660.31,122
479,60,2024-12-21,49,7,747.44,68
480,136,2020-08-17,112,7,692.65,74
481,98,2024-01-13,87,6,293.58,25
482,91,2024-12-16,109,7,484.34,86
483,69,2022-01-12,103,2,152.8,168
484,101,2025-07-20,60,4,326.76,134
485,47,2022-10-14,41,9,209.7,173
486,18,2019-02-04,2,7,542.01,135
487,115,2020-03-01,45,4,25.16,65
488,9,2021-03-01,4,10,971.5,15
489,56,2025-08-30,77,2,125.92,23
490,34,2025-10-12,49,10,1193.39,29
491,65,2021-01-24,38,8,499.68,164
492,71,2024-02-01,99,7,551.31,66
493,19,2020-10-25,36,1,68.31,100
494,16,2022-09-24,34,5,137.46,113
495,126,2019-10-12,119,4,231.1,46
496,28,2024-07-08,19,9,272.26,56
497,114,2020-03-11,92,5,176.4,9
498,19,2019-10-26,74,5,235.49,5
499,39,2024-07-31,84,1,5.49,171
500,69,2023-05-19,20,6,297.18,148
501,132,2019-01-16,91,8,317.42,112
502,18,2023-07-13,70,4,240.92,99
503,32,2024-05-28,73,9,822.39,86
504,103,2022-05-25,8,2,135.99,137
505,21,2022-10-24,108,8,225.65,166
506,46,2021-04-11,71,1,95.75,170
507,77,2021-02-21,90,7,210.63,162
508,125,2023-01-11,11,8,591.58,36
509,50,2019-05-27,4,10,922.92,126
510,17,2023-05-12,102,9,263.98,128
511,116,2024-12-27,3,1,88.49,15
512,11,2022-10-15,52,2,174.25,168
513,118,2024-11-12,87,9,418.35,190
514,60,2025-07-01,119,2,135.94,189
515,126,2020-08-02,84,1,4.67,159
516,63,2019-07-07,90,3,90.27,45
517,79,2019-07-24,106,2,101.47,157
518,17,2020-11-30,105,2,108.32,128
519,57,2025-09-03,9,4,257.04,87
520,84,2023-07-05,16,10,810.92,83
521,12,2021-05-23,76,3,198.4,17
522,71,2020-05-09,19,7,236.67,179
523,142,2023-02-24,22,8,225.64,149
524,35,2019-06-16,13,10,791.86,200
525,5,2020-10-08,113,8,704.16,2
526,46,2019-01-30,119,2,122.35,107
527,33,2024-05-03,27,3,155.44,134
528,106,2024-01-19,31,3,77.37,153
529,128,2021-01-07,79,2,104.02,90
530,2,2023-09-12,72,4,47.23,31
531,25,2024-12-11,80,6,225.66,119
532,71,2021-05-02,7,4,302.4,39
533,128,2024-04-27,23,3,247.35,14
534,73,2023-01-31,27,7,362.69,86
535,12,2024-01-31,14,1,77.01,41
536,125,2019-04-30,66,2,10.18,61
537,149,2023-12-27,42,7,335.23,192
538,59,2022-08-27,100,2,144.34,59
539,61,2020-02-06,95,7,460.71,97
540,19,2021-06-22,61,10,152.32,14
541,38,2023-11-21,28,10,101.06,46
542,96,2023-05-06,18,8,346.03,162
543,70,2023-01-08,26,6,561.79,9
544,16,2025-05-18,36,3,241.08,120
545,108,2024-02-22,22,6,169.23,76
546,41,2025-10-08,102,10,309.6,148
547,59,2025-03-14,12,7,597.5,56
548,122,2025-08-20,108,8,225.65,4
549,64,2023-10-20,32,6,324.67,149
550,39,2021-06-29,117,10,822.8,107
551,11,2019-07-01,61,9,161.28,109
552,101,2024-12-15,62,2,89.45,127
553,22,2021-09-12,72,1,10.57,56
554,92,2020-06-27,38,4,249.84,5
555,79,2024-05-19,21,8,1180.72,117
556,36,2024-03-14,112,7,658.02,95
557,1,2024-03-16,111,2,78.69,177
558,136,2022-09-25,5,5,42.97,193
559,139,2022-01-10,74,4,221.64,159
560,15,2022-10-07,66,6,30.54,29
561,94,2023-04-18,60,10,859.9,94
562,45,2023-02-09,83,9,1065.96,144
563,36,2021-04-18,43,4,300.8,167
564,149,2024-05-13,112,4,376.01,83
565,69,2022-12-15,65,7,282.87,14
566,96,2019-09-17,45,8,47.53,129
567,32,2024-11-27,61,9,145.15,116
568,17,2023-02-16,25,8,288.96,21
569,46,2023-05-20,37,2,72.02,43
570,29,2022-02-04,90,3,76.73,39
571,134,2021-04-16,81,1,53.59,107
572,34,2025-01-26,61,6,91.39,114
573,75,2019-03-29,25,2,72.24,60
574,86,2024-10-29,53,10,1259.01,168
575,125,2022-08-29,76,9,562.12,118
576,146,2022-05-30,17,5,114.43,67
577,124,2021-07-17,48,5,144.35,38
578,73,2022-12-17,59,3,207.34,183
579,74,2025-01-01,24,3,55.6,42
580,30,2021-09-01,6,6,99.69,113
581,95,2021-12-02,24,4,78.04,171
582,89,2022-07-22,19,6,181.51,139
583,137,2020-10-27,39,2,57.06,104
584,38,2024-08-07,59,6,414.67,2
585,130,2025-02-15,43,5,319.6,75
586,38,2025-06-07,103,10,721.56,87
587,123,2020-04-05,116,1,53.05,174
588,30,2025-03-06,40,1,75.74,159
589,115,2021-06-21,46,2,74.92,15
590,50,2025-10-26,75,9,134.58,197
591,51,2022-02-12,3,2,167.14,174
592,132,2019-12-24,51,4,18.5,82
593,131,2025-10-06,8,6,385.3,38
594,95,2023-10-18,50,6,427.2,73
595,90,2022-11-13,40,8,712.8,56
596,107,2023-12-25,103,8,611.21,42
597,107,2023-10-03,18,10,455.3,37
598,78,2021-05-01,61,9,145.15,17
599,97,2025-08-16,12,1,85.36,164
600,107,2022-01-24,23,9,630.74,182
601,36,2025-05-15,26,3,251.33,75
602,126,2025-03-18,6,5,78.7,127
603,119,2025-04-09,29,1,26.39,40
604,77,2021-12-11,82,8,651.92,168
605,107,2022-03-24,23,8,626.62,8
606,71,2020-05-03,64,2,25.24,149
607,145,2024-05-22,56,5,151.43,178
608,96,2020-05-04,66,10,50.9,67
609,149,2020-10-29,8,3,203.98,119
610,92,2020-07-08,21,1,132.83,93
611,92,2023-09-15,7,5,340.2,136
612,132,2019-11-11,25,3,108.36,154
613,140,2020-11-15,42,6,272.21,70
614,25,2023-01-24,69,10,336.6,37
615,36,2019-02-22,67,5,541.35,200
616,106,2024-06-09,44,3,268.89,56
617,129,2020-09-25,29,4,105.56,107
618,20,2024-03-01,15,3,127.17,123
619,80,2022-11-27,89,6,377.57,114
620,134,2025-09-13,98,6,383.55,182
621,8,2022-06-01,96,2,51.83,33
622,59,2020-08-06,40,3,253.93,34
623,109,2019-11-18,89,2,132.48,5
624,111,2024-06-06,6,4,69.96,9
625,16,2024-10-04,61,2,32.26,12
626,78,2019-09-29,86,1,33.08,32
627,53,2025-09-30,76,4,279.22,172
628,8,2022-12-10,12,3,271.13,149
629,91,2022-11-25,21,9,1261.89,130
630,18,2025-05-24,13,10,931.6,136
631,50,2021-06-07,37,3,108.03,186
632,55,2020-02-09,118,9,325.81,94
633,48,2025-08-11,57,2,200.79,91
634,109,2023-04-04,28,9,101.66,105
635,81,2020-04-07,16,8,682.88,134
636,127,2020-07-10,98,6,363.37,143
637,22,2019-06-16,42,8,403.28,99
638,117,2022-03-07,77,5,267.58,58
639,105,2025-03-18,38,7,415.36,18
640,95,2024-05-02,23,1,70.08,173
641,102,2020-03-06,57,9,951.12,31
642,102,2020-08-10,52,10,917.1,190
643,17,2020-11-22,47,4,129.6,52
644,104,2025-09-02,16,4,290.22,186
645,72,2024-08-06,98,10,605.61,194
646,92,2023-06-28,61,10,152.32,125
647,72,2024-09-25,19,8,284.72,32
648,126,2021-10-23,64,4,53.28,8
649,14,2020-02-12,107,2,180.39,174
650,46,2019-04-20,49,10,1130.58,40
651,25,2022-05-25,98,2,114.39,120
652,76,2021-04-07,85,8,954.18,130
653,139,2021-12-07,44,9,806.67,196
654,111,2019-05-10,113,2,149.63,116
655,97,2022-07-12,57,8,845.44,9
656,143,2020-12-25,85,5,666.52,126
657,35,2023-10-31,40,7,530.14,196
658,146,2020-03-24,87,8,332.72,122
659,41,2025-04-21,65,1,38.16,68
660,97,2024-07-19,79,6,312.07,83
661,8,2019-09-09,76,1,69.81,94
662,150,2022-11-29,4,6,495.47,25
663,89,2023-10-20,46,7,262.21,15
664,64,2021-09-27,31,5,128.95,177
665,79,2019-09-26,15,6,241.62,6
666,84,2025-01-14,5,8,68.75,146
667,108,2024-10-09,35,1,119.65,151
668,82,2019-04-02,49,10,1067.77,83
669,26,2025-06-03,104,8,635.28,177
670,87,2021-04-23,64,9,113.56,43
671,94,2022-05-11,56,4,121.14,163
672,138,2019-11-05,28,5,53.5,13
673,147,2022-05-02,52,4,366.84,184
674,25,2025-06-26,76,6,396.79,18
675,136,2025-05-09,61,7,119.17,89
676,78,2019-11-11,65,5,190.82,170
677,81,2025-01-20,26,7,586.43,65
678,117,2024-10-11,86,9,282.83,5
679,48,2024-10-15,74,8,421.12,170
680,69,2024-03-29,120,9,380.89,145
681,134,2019-09-03,26,6,502.66,38
682,39,2021-09-11,96,5,115.94,106
683,17,2022-07-29,82,4,277.07,69
684,42,2022-03-21,33,10,539.79,104
685,30,2021-09-03,20,4,233.08,63
686,119,2022-06-25,63,9,647.57,109
687,52,2019-06-01,21,5,701.05,8
688,72,2021-11-24,85,9,1199.74,165
689,125,2019-06-22,101,1,21.84,22
690,77,2022-07-09,111,2,78.69,94
691,102,2020-01-05,108,3,89.32,29
692,129,2025-05-27,120,2,89.62,128
693,61,2020-01-05,77,2,113.33,85
694,100,2025-07-21,104,4,269.99,56
695,28,2020-08-13,23,4,296.82,113
696,66,2023-07-31,111,10,462.9,126
697,96,2024-12-25,90,2,54.16,140
698,122,2023-10-02,88,4,282.71,38
699,122,2023-01-26,92,6,190.51,6
700,9,2025-10-17,108,1,29.77,65
701,99,2025-03-13,40,6,534.6,137
702,114,2021-08-26,50,1,60.52,66
703,24,2022-05-17,120,4,179.24,54
704,113,2020-10-18,81,6,303.65,9
705,21,2022-01-27,106,8,405.89,189
706,86,2023-08-19,92,7,246.96,42
707,130,2021-12-04,9,6,385.56,155
708,84,2025-02-21,59,1,72.75,165
709,114,2021-01-22,102,3,97.77,103
710,79,2021-03-30,41,10,233.0,29
711,64,2020-10-08,67,3,306.76,82
712,123,2024-01-24,112,3,267.17,45
713,84,2025-08-26,103,5,403.23,22
714,95,2023-08-25,24,7,116.08,147
715,6,2021-07-08,3,9,840.64,23
716,51,2024-03-09,34,3,86.82,103
717,67,2023-10-23,20,2,104.89,44
718,31,2025-05-12,2,9,592.34,198
719,127,2024-02-02,16,4,324.37,49
720,74,2021-12-26,96,8,185.5,34
721,53,2023-11-02,77,4,226.66,187
722,108,2021-02-14,24,7,129.74,8
723,68,2022-04-03,31,10,219.21,64
724,150,2023-02-23,88,8,628.24,3
725,35,2024-04-04,112,6,504.65,176
726,99,2021-05-19,91,7,294.08,19
727,143,2020-01-26,8,1,68.0,61
728,91,2024-04-12,78,10,309.9,2
729,130,2021-11-04,80,7,249.42,102
730,34,2023-02-28,115,9,964.98,149
731,67,2021-01-04,22,9,227.13,87
732,34,2024-04-01,12,6,512.14,37
733,30,2021-12-02,41,1,22.14,128
734,93,2022-02-24,119,7,428.21,68
735,133,2021-12-16,41,7,154.94,81
736,39,2024-07-05,72,8,99.44,49
737,14,2020-08-31,30,3,246.54,121
738,42,2021-12-01,91,8,317.42,30
739,11,2024-07-20,57,6,538.97,118
740,29,2024-07-12,109,3,230.64,90
741,53,2020-01-19,112,5,470.01,44
742,70,2024-09-14,73,10,964.54,150
743,135,2019-01-17,99,10,831.34,107
744,64,2019-11-11,99,8,700.08,85
745,73,2019-04-17,88,2,133.5,96
746,28,2025-08-15,108,6,178.64,8
747,118,2019-11-29,107,8,721.55,161
748,2,2022-01-08,43,1,63.92,84
749,34,2025-05-20,28,1,10.7,83
750,19,2019-08-16,71,10,957.52,24
751,66,2023-06-22,23,4,280.33,23
752,54,2019-03-26,21,7,878.16,73
753,31,2020-09-23,39,8,194.0,189
754,34,2022-06-24,46,2,74.92,132
755,126,2021-03-29,58,7,158.81,69
756,109,2025-04-25,12,7,632.65,158
757,112,2021-02-02,81,7,416.78,11
758,88,2024-10-03,60,4,326.76,127
759,135,2024-11-29,11,5,330.82,112
760,123,2019-11-21,39,3,81.31,176
761,64,2022-05-15,67,7,757.89,146
762,142,2019-07-15,10,1,209.11,131
763,106,2023-10-07,13,8,670.75,91
764,150,2021-11-09,11,9,700.56,30
765,46,2024-03-10,101,3,55.69,12
766,107,2019-12-08,113,5,396.09,151
767,116,2024-02-07,80,5,178.16,48
768,48,2021-05-14,11,10,700.56,173
769,112,2020-03-11,69,1,37.4,102
770,4,2020-04-22,22,8,201.89,178
771,125,2023-07-18,39,10,256.77,177
772,78,2023-06-06,12,3,286.2,4
773,29,2021-02-20,105,1,51.45,7
774,124,2021-05-07,84,3,15.65,112
775,49,2025-01-15,12,5,426.78,38
776,109,2024-04-25,3,2,186.81,40
777,125,2023-12-29,61,1,15.23,150
778,52,2021-09-20,38,10,530.91,14
779,3,2022-09-29,14,7,482.31,127
780,142,2025-06-28,38,1,53.09,103
781,132,2024-06-14,76,10,624.58,60
782,136,2019-09-06,3,7,619.42,142
783,69,2019-09-18,115,7,637.96,30
784,89,2024-07-19,58,7,186.83,42
785,50,2022-03-25,61,6,91.39,60
786,57,2024-09-10,76,6,374.75,34
787,100,2022-04-16,54,6,491.13,42
788,73,2021-04-28,89,2,112.61,34
789,52,2020-12-10,21,10,1254.52,26
790,127,2023-08-31,39,4,108.41,143
791,5,2019-07-12,46,5,187.29,174
792,45,2020-10-11,106,9,537.21,17
793,111,2022-10-15,15,10,402.7,31
794,58,2025-04-20,63,5,380.92,91
795,143,2019-07-11,35,3,422.28,181
796,113,2019-07-26,103,8,679.12,28
797,27,2025-11-05,106,9,537.21,130
798,43,2020-03-07,81,2,113.13,93
799,75,2020-10-05,91,8,317.42,188
800,40,2020-02-11,83,6,639.58,36
801,52,2020-05-18,57,7,739.76,63
802,88,2024-04-24,37,9,307.89,22
803,96,2021-12-25,92,7,222.26,162
804,39,2021-10-02,97,9,696.0,59
805,110,2020-07-19,53,7,832.35,133
806,8,2023-01-21,57,3,317.04,184
807,18,2024-10-20,11,6,420.34,103
808,112,2020-11-04,8,7,528.85,170
809,148,2020-09-10,8,9,611.95,108
810,142,2023-07-05,112,5,445.28,89
811,72,2019-02-02,116,9,477.43,180
812,115,2023-07-13,83,4,402.7,179
813,104,2022-11-15,100,4,288.68,22
814,138,2019-06-01,43,7,500.08,134
815,73,2025-01-24,28,2,21.4,134
816,41,2022-10-27,3,1,88.49,62
817,109,2022-05-29,65,2,89.8,96
818,130,2021-11-29,46,2,83.24,194
819,115,2020-05-25,39,10,285.3,117
820,61,2022-10-20,104,10,754.39,90
821,73,2022-05-10,86,10,314.26,183
822,134,2023-03-27,95,4,277.12,84
823,150,2024-10-16,25,6,184.21,26
824,109,2020-08-23,107,7,742.77,24
825,109,2019-09-12,114,3,223.23,55
826,20,2024-01-02,48,9,220.86,151
827,133,2025-04-08,100,7,505.2,150
828,109,2024-08-05,57,8,718.62,42
829,130,2020-08-14,17,8,163.81,34
830,136,2024-10-03,16,4,290.22,122
831,41,2019-05-14,72,6,74.58,155
832,29,2023-08-01,16,6,460.94,11
833,40,2024-11-11,16,6,460.94,96
834,76,2022-05-27,63,1,80.42,37
835,108,2025-08-12,7,5,340.2,56
836,126,2021-01-19,1,2,124.76,18
837,107,2019-07-03,62,10,473.58,145
838,87,2024-01-27,101,7,129.95,185
839,34,2025-10-16,98,3,171.59,195
840,115,2024-01-17,20,6,349.62,160
841,100,2023-08-05,30,7,517.73,139
842,114,2019-07-07,95,5,346.4,43
843,147,2019-04-12,81,5,297.7,165
844,22,2025-04-10,25,10,361.2,146
845,49,2024-11-07,97,8,727.84,31
846,47,2024-12-18,3,5,467.02,63
847,114,2025-07-01,11,9,630.5,103
848,12,2025-08-09,63,1,76.18,112
849,107,2021-01-09,4,9,786.92,98
850,24,2021-11-19,15,2,80.54,74
851,47,2020-08-12,33,2,107.96,79
852,44,2023-07-27,8,10,679.95,47
853,15,2019-04-22,39,7,199.71,82
854,106,2020-08-06,115,6,578.99,97
855,14,2020-05-10,26,4,374.53,127
856,130,2024-09-14,50,2,128.16,16
857,119,2022-07-27,71,7,788.55,124
858,105,2019-04-29,82,4,325.96,69
859,26,2025-03-19,32,9,544.29,78
860,105,2025-05-16,58,2,50.71,37
861,139,2023-03-10,22,4,100.95,143
862,11,2024-01-25,1,8,499.03,168
863,1,2020-11-16,8,8,543.96,154
864,98,2021-10-24,45,4,25.16,12
865,137,2020-10-23,73,2,182.75,23
866,32,2023-06-08,107,3,286.5,111
867,130,2021-05-13,103,6,458.41,163
868,116,2021-12-06,35,4,506.74,88
869,118,2021-05-12,77,6,377.76,178
870,1,2020-07-01,78,8,247.92,3
871,106,2020-12-11,72,8,84.52,138
872,20,2019-11-29,69,1,31.79,173
873,91,2020-05-20,105,7,341.21,100
874,3,2020-12-26,16,8,614.59,50
875,3,2023-12-26,29,1,23.75,175
876,50,2023-01-05,12,10,903.78,184
877,60,2021-06-24,64,6,84.12,72
878,54,2024-07-11,1,4,235.65,29
879,146,2022-02-10,65,8,341.24,142
880,145,2021-03-04,87,10,464.84,17
881,33,2025-08-06,96,2,51.83,67
882,59,2025-05-23,113,9,712.96,50
883,137,2019-04-05,79,5,245.61,1
884,14,2023-10-16,110,6,239.24,105
885,32,2022-01-27,88,9,600.75,127
886,133,2023-01-20,98,1,63.93,13
887,108,2022-02-12,69,8,269.28,2
888,50,2023-05-25,43,2,150.4,189
889,109,2021-07-13,10,4,794.62,43
890,80,2022-09-10,9,2,151.2,123
891,7,2023-11-05,76,6,396.79,64
892,122,2020-03-17,31,6,154.74,86
893,61,2024-10-29,10,10,1777.44,196
894,115,2020-01-27,75,2,31.48,16
895,97,2019-05-17,41,2,44.27,16
896,15,2023-12-16,39,10,242.5,17
897,15,2020-02-22,72,1,11.19,98
898,25,2023-07-04,80,7,263.27,154
899,117,2019-02-13,50,8,484.16,159
900,87,2020-02-19,84,1,4.67,133
901,50,2022-09-06,14,2,162.12,153
902,50,2019-10-04,116,10,530.48,164
903,66,2024-09-15,46,7,247.64,186
904,48,2023-12-27,32,3,190.98,16
905,80,2020-06-06,75,7,99.16,80
906,139,2025-07-18,100,3,228.54,121
907,88,2022-06-18,38,6,374.76,133
908,38,2025-07-30,8,4,302.2,109
909,51,2022-11-09,26,4,394.24,88
910,122,2021-02-14,89,8,476.93,149
911,86,2025-05-07,79,5,245.61,85
912,27,2020-10-26,59,1,61.84,57
913,58,2019-01-16,89,4,225.22,160
914,62,2021-05-23,62,6,268.36,53
915,48,2023-06-28,106,1,53.72,3
916,92,2019-10-30,4,9,874.35,37
917,113,2022-04-05,25,10,325.08,12
918,51,2019-05-02,26,5,468.16,57
919,45,2021-12-09,44,9,766.34,46
920,6,2021-03-13,23,5,412.25,6
921,98,2020-07-16,84,2,9.88,54
922,117,2022-06-03,31,6,139.27,170
923,135,2020-12-02,103,10,721.56,183
924,31,2019-09-25,19,3,101.43,50
925,97,2024-12-21,89,6,357.7,154
926,63,2023-10-26,118,1,40.46,138
927,39,2022-04-19,42,4,201.64,162
928,33,2022-02-21,109,9,588.13,54
929,121,2019-11-30,102,10,325.9,43
930,100,2024-09-14,97,9,736.94,128
931,119,2024-10-26,23,6,445.23,135
932,127,2024-06-02,61,5,76.16,164
933,10,2025-07-19,27,4,218.77,116
934,102,2021-08-18,28,5,50.53,97
935,41,2025-05-29,120,6,268.87,141
936,35,2019-12-14,97,2,163.76,114
937,91,2024-10-26,30,10,821.8,120
938,87,2024-09-29,55,8,107.24,111
939,95,2023-08-03,103,8,611.21,70
940,7,2023-04-16,23,8,626.62,68
941,92,2019-11-07,116,2,100.51,129
942,140,2024-10-01,83,2,213.19,59
943,31,2020-02-08,10,6,1254.66,140
944,86,2021-03-31,26,6,532.22,78
945,49,2022-01-29,91,10,443.46,193
946,67,2025-02-02,2,5,348.44,89
947,104,2023-07-13,106,10,596.9,121
948,39,2024-09-30,111,7,307.83,59
949,122,2021-05-09,30,9,628.68,185
950,88,2024-03-04,102,2,58.66,49
951,107,2023-10-23,27,8,391.48,143
952,96,2019-05-04,18,10,432.54,79
953,128,2019-02-09,104,6,428.81,58
954,109,2023-09-13,88,7,494.74,84
955,6,2025-08-01,73,1,96.45,40
956,146,2022-09-14,81,10,506.09,98
957,101,2021-04-16,9,9,578.34,49
958,28,2024-04-28,43,10,639.2,164
959,24,2022-06-01,22,2,56.41,9
960,126,2025-10-07,4,3,276.88,18
961,73,2023-04-30,27,4,207.25,169
962,18,2024-11-17,59,1,65.48,133
963,44,2019-02-15,42,7,299.94,41
964,34,2020-03-29,69,7,222.53,191
965,100,2019-10-09,116,4,212.19,53
966,111,2022-06-22,105,8,411.62,155
967,80,2025-06-13,76,4,249.83,71
968,2,2021-04-06,19,8,284.72,103
969,64,2025-10-13,68,6,62.27,118
970,148,2024-03-10,6,2,31.48,166
971,89,2024-02-13,90,5,127.88,157
972,107,2020-12-18,32,3,162.33,118
973,47,2023-04-25,90,10,300.9,101
974,62,2019-06-28,114,3,236.36,161
975,75,2025-01-11,86,2,62.85,127
976,142,2023-08-12,16,6,512.16,194
977,130,2020-03-06,99,6,446.3,116
978,65,2020-11-06,27,9,518.13,119
979,19,2019-04-20,82,8,554.13,88
980,50,2023-06-24,51,1,5.44,65
981,35,2020-04-14,42,8,342.79,119
982,22,2019-10-07,71,4,383.01,36
983,72,2024-04-12,108,3,89.32,5
984,26,2025-10-22,23,5,412.25,137
985,44,2023-05-20,10,1,188.2,40
986,92,2023-12-10,23,4,329.8,173
987,56,2024-12-20,57,1,105.68,100
988,114,2022-06-16,7,10,756.0,13
989,52,2023-03-26,119,4,244.69,62
990,24,2021-03-30,3,7,688.24,4
991,50,2022-10-12,88,2,149.21,25
992,43,2020-11-18,6,7,122.43,84
993,144,2022-08-14,81,4,226.25,139
994,110,2023-06-07,16,4,324.37,28
995,83,2022-12-31,23,1,70.08,168
996,4,2022-07-19,50,4,242.08,57
997,72,2019-09-28,84,10,49.41,12
998,56,2019-10-03,53,5,594.53,27
999,146,2025-01-05,22,5,148.45,154
1000,100,2022-08-21,87,3,132.11,45
