login_id,user_id,login_date
1,1,2024-01-19
2,1,2024-01-20
3,1,2024-01-21
4,1,2024-01-23
5,1,2024-01-23
6,1,2024-01-25
7,1,2024-01-25
8,1,2024-01-27
9,1,2024-01-27
10,1,2024-01-29
11,1,2024-01-29
12,1,2024-01-31
13,1,2024-01-31
14,1,2024-02-02
15,1,2024-02-02
16,1,2024-02-03
17,1,2024-02-05
18,1,2024-02-05
19,1,2024-02-06
20,2,2024-12-28
21,2,2024-12-30
22,2,2024-12-30
23,2,2024-12-31
24,2,2025-01-01
25,2,2025-01-02
26,2,2025-01-03
27,3,2023-04-07
28,3,2023-04-07
29,3,2023-04-08
30,4,2023-01-29
31,4,2023-01-31
32,4,2023-01-31
33,4,2023-02-01
34,4,2023-02-03
35,4,2023-02-03
36,4,2023-02-04
37,4,2023-02-05
38,4,2023-02-06
39,4,2023-02-07
40,4,2023-02-08
41,4,2023-02-09
42,4,2023-02-11
43,4,2023-02-11
44,4,2023-02-12
45,4,2023-02-13
46,4,2023-02-14
47,4,2023-02-15
48,4,2023-02-16
49,4,2023-02-17
50,5,2023-04-24
51,5,2023-04-25
52,5,2023-04-26
53,5,2023-04-27
54,5,2023-04-28
55,5,2023-04-29
56,5,2023-04-30
57,5,2023-05-01
58,5,2023-05-03
59,5,2023-05-03
60,5,2023-05-04
61,5,2023-05-06
62,5,2023-05-06
63,5,2023-05-08
64,5,2023-05-08
65,5,2023-05-10
66,5,2023-05-10
67,6,2024-05-13
68,6,2024-05-15
69,6,2024-05-16
70,6,2024-05-16
71,6,2024-05-18
72,7,2023-06-14
73,7,2023-06-15
74,7,2023-06-16
75,7,2023-06-17
76,7,2023-06-18
77,7,2023-06-19
78,7,2023-06-20
79,7,2023-06-22
80,8,2024-09-20
81,8,2024-09-21
82,8,2024-09-22
83,8,2024-09-23
84,8,2024-09-24
85,8,2024-09-25
86,8,2024-09-26
87,8,2024-09-27
88,8,2024-09-28
89,8,2024-09-29
90,8,2024-09-30
91,8,2024-10-01
92,8,2024-10-02
93,8,2024-10-03
94,8,2024-10-04
95,8,2024-10-05
96,8,2024-10-06
97,8,2024-10-07
98,8,2024-10-08
99,8,2024-10-09
100,9,2024-05-08
101,9,2024-05-09
102,9,2024-05-10
103,9,2024-05-12
104,9,2024-05-13
105,9,2024-05-14
106,9,2024-05-15
107,9,2024-05-15
108,9,2024-05-16
109,10,2023-06-27
110,10,2023-06-29
111,10,2023-06-29
112,10,2023-06-30
113,10,2023-07-01
114,10,2023-07-02
115,10,2023-07-04
116,10,2023-07-05
117,10,2023-07-06
118,11,2024-03-09
119,11,2024-03-10
120,11,2024-03-12
121,11,2024-03-13
122,11,2024-03-13
123,11,2024-03-14
124,11,2024-03-15
125,11,2024-03-16
126,11,2024-03-18
127,11,2024-03-18
128,11,2024-03-19
129,12,2024-06-08
130,12,2024-06-08
131,12,2024-06-09
132,12,2024-06-11
133,12,2024-06-11
134,12,2024-06-12
135,12,2024-06-13
136,12,2024-06-14
137,12,2024-06-16
138,12,2024-06-16
139,12,2024-06-17
140,13,2023-09-09
141,13,2023-09-10
142,13,2023-09-11
143,13,2023-09-12
144,13,2023-09-13
145,14,2023-05-06
146,14,2023-05-07
147,14,2023-05-08
148,15,2023-08-07
149,15,2023-08-08
150,15,2023-08-09
151,15,2023-08-11
152,15,2023-08-11
153,15,2023-08-12
154,15,2023-08-13
155,15,2023-08-14
156,15,2023-08-15
157,15,2023-08-16
158,15,2023-08-18
159,15,2023-08-19
160,15,2023-08-19
161,15,2023-08-20
162,15,2023-08-21
163,15,2023-08-22
164,15,2023-08-23
165,16,2024-05-20
166,16,2024-05-21
167,16,2024-05-23
168,16,2024-05-23
169,16,2024-05-24
170,16,2024-05-26
171,16,2024-05-26
172,16,2024-05-27
173,16,2024-05-29
174,16,2024-05-29
175,16,2024-05-30
176,16,2024-05-31
177,16,2024-06-01
178,16,2024-06-02
179,16,2024-06-04
180,16,2024-06-04
181,16,2024-06-05
182,16,2024-06-07
183,17,2023-02-07
184,17,2023-02-08
185,17,2023-02-09
186,17,2023-02-10
187,17,2023-02-12
188,17,2023-02-12
189,17,2023-02-14
190,17,2023-02-14
191,17,2023-02-15
192,17,2023-02-16
193,17,2023-02-17
194,17,2023-02-19
195,17,2023-02-19
196,17,2023-02-20
197,17,2023-02-22
198,17,2023-02-22
199,17,2023-02-24
200,17,2023-02-24
201,17,2023-02-26
202,17,2023-02-27
203,18,2024-10-18
204,18,2024-10-19
205,18,2024-10-20
206,18,2024-10-21
207,18,2024-10-22
208,18,2024-10-23
209,19,2023-05-23
210,19,2023-05-25
211,19,2023-05-25
212,19,2023-05-26
213,19,2023-05-27
214,19,2023-05-28
215,20,2025-01-11
216,20,2025-01-12
217,20,2025-01-13
218,20,2025-01-14
219,20,2025-01-15
220,20,2025-01-16
221,20,2025-01-17
222,20,2025-01-18
223,20,2025-01-19
224,20,2025-01-20
225,20,2025-01-22
226,20,2025-01-22
227,20,2025-01-23
228,20,2025-01-24
229,21,2024-08-20
230,21,2024-08-21
231,21,2024-08-22
232,21,2024-08-23
233,21,2024-08-25
234,21,2024-08-26
235,21,2024-08-26
236,21,2024-08-27
237,21,2024-08-29
238,21,2024-08-30
239,21,2024-08-30
240,21,2024-08-31
241,21,2024-09-02
242,21,2024-09-02
243,21,2024-09-03
244,21,2024-09-04
245,21,2024-09-05
246,22,2024-12-29
247,22,2024-12-30
248,22,2024-12-31
249,22,2025-01-01
250,22,2025-01-02
251,23,2024-05-21
252,23,2024-05-22
253,23,2024-05-23
254,23,2024-05-25
255,24,2024-01-31
256,24,2024-01-31
257,24,2024-02-01
258,24,2024-02-02
259,24,2024-02-03
260,24,2024-02-04
261,24,2024-02-06
262,24,2024-02-06
263,24,2024-02-07
264,25,2023-05-14
265,25,2023-05-16
266,25,2023-05-17
267,25,2023-05-17
268,25,2023-05-19
269,25,2023-05-19
270,25,2023-05-20
271,25,2023-05-21
272,25,2023-05-23
273,25,2023-05-23
274,26,2024-12-03
275,26,2024-12-04
276,26,2024-12-06
277,26,2024-12-06
278,26,2024-12-07
279,26,2024-12-08
280,26,2024-12-09
281,26,2024-12-11
282,26,2024-12-11
283,26,2024-12-12
284,26,2024-12-13
285,26,2024-12-15
286,27,2024-11-09
287,27,2024-11-09
288,27,2024-11-10
289,27,2024-11-11
290,27,2024-11-12
291,27,2024-11-13
292,27,2024-11-15
293,27,2024-11-15
294,27,2024-11-16
295,27,2024-11-18
296,27,2024-11-19
297,27,2024-11-19
298,27,2024-11-20
299,27,2024-11-22
300,27,2024-11-22
301,27,2024-11-23
302,27,2024-11-24
303,27,2024-11-25
304,27,2024-11-27
305,28,2025-01-19
306,28,2025-01-20
307,28,2025-01-21
308,28,2025-01-23
309,28,2025-01-23
310,28,2025-01-24
311,28,2025-01-26
312,28,2025-01-27
313,28,2025-01-27
314,28,2025-01-28
315,28,2025-01-29
316,28,2025-01-30
317,28,2025-01-31
318,28,2025-02-01
319,28,2025-02-02
320,28,2025-02-03
321,29,2024-08-12
322,29,2024-08-13
323,29,2024-08-14
324,29,2024-08-15
325,29,2024-08-16
326,29,2024-08-18
327,29,2024-08-19
328,29,2024-08-20
329,29,2024-08-20
330,29,2024-08-21
331,29,2024-08-22
332,30,2024-05-22
333,30,2024-05-23
334,30,2024-05-24
335,30,2024-05-25
336,30,2024-05-26
337,30,2024-05-27
338,30,2024-05-28
339,30,2024-05-29
340,30,2024-05-31
341,31,2025-01-26
342,31,2025-01-27
343,31,2025-01-28
344,31,2025-01-29
345,31,2025-01-30
346,31,2025-01-31
347,31,2025-02-01
348,31,2025-02-03
349,31,2025-02-03
350,31,2025-02-04
351,31,2025-02-06
352,31,2025-02-07
353,32,2023-12-09
354,32,2023-12-10
355,32,2023-12-11
356,33,2023-06-24
357,33,2023-06-26
358,33,2023-06-26
359,34,2024-05-16
360,34,2024-05-16
361,34,2024-05-17
362,34,2024-05-18
363,34,2024-05-19
364,34,2024-05-20
365,34,2024-05-21
366,34,2024-05-22
367,34,2024-05-23
368,34,2024-05-24
369,35,2023-11-09
370,35,2023-11-10
371,35,2023-11-10
372,35,2023-11-11
373,35,2023-11-13
374,35,2023-11-13
375,35,2023-11-14
376,35,2023-11-16
377,35,2023-11-16
378,35,2023-11-17
379,35,2023-11-18
380,35,2023-11-19
381,35,2023-11-21
382,36,2023-04-26
383,36,2023-04-27
384,36,2023-04-29
385,36,2023-04-29
386,36,2023-04-30
387,36,2023-05-01
388,36,2023-05-03
389,36,2023-05-03
390,36,2023-05-04
391,36,2023-05-06
392,36,2023-05-06
393,37,2023-07-31
394,37,2023-08-02
395,37,2023-08-02
396,37,2023-08-03
397,37,2023-08-05
398,38,2024-06-23
399,38,2024-06-24
400,38,2024-06-25
401,38,2024-06-27
402,38,2024-06-28
403,38,2024-06-28
404,38,2024-06-29
405,38,2024-06-30
406,39,2023-02-12
407,39,2023-02-13
408,39,2023-02-15
409,39,2023-02-16
410,39,2023-02-16
411,39,2023-02-17
412,39,2023-02-18
413,39,2023-02-19
414,39,2023-02-21
415,39,2023-02-21
416,39,2023-02-23
417,39,2023-02-23
418,39,2023-02-24
419,39,2023-02-25
420,39,2023-02-26
421,39,2023-02-28
422,39,2023-02-28
423,39,2023-03-01
424,39,2023-03-02
425,40,2023-01-16
426,40,2023-01-17
427,40,2023-01-18
428,40,2023-01-19
429,40,2023-01-20
430,40,2023-01-22
431,40,2023-01-22
432,40,2023-01-23
433,40,2023-01-25
434,40,2023-01-25
435,40,2023-01-26
436,40,2023-01-27
437,40,2023-01-28
438,40,2023-01-29
439,40,2023-01-30
440,40,2023-01-31
441,40,2023-02-01
442,41,2023-03-30
443,41,2023-03-31
444,41,2023-04-02
445,41,2023-04-02
446,41,2023-04-03
447,41,2023-04-04
448,41,2023-04-05
449,41,2023-04-07
450,41,2023-04-07
451,41,2023-04-08
452,41,2023-04-10
453,42,2024-03-08
454,42,2024-03-09
455,42,2024-03-10
456,42,2024-03-11
457,42,2024-03-12
458,42,2024-03-14
459,42,2024-03-14
460,42,2024-03-15
461,42,2024-03-16
462,42,2024-03-17
463,42,2024-03-18
464,42,2024-03-20
465,42,2024-03-20
466,42,2024-03-21
467,42,2024-03-22
468,43,2023-03-30
469,43,2023-03-30
470,43,2023-04-01
471,43,2023-04-02
472,43,2023-04-02
473,43,2023-04-03
474,43,2023-04-05
475,43,2023-04-05
476,43,2023-04-06
477,43,2023-04-08
478,43,2023-04-08
479,43,2023-04-10
480,44,2024-04-23
481,44,2024-04-24
482,44,2024-04-24
483,44,2024-04-25
484,44,2024-04-27
485,44,2024-04-27
486,44,2024-04-28
487,44,2024-04-29
488,44,2024-04-30
489,44,2024-05-01
490,44,2024-05-02
491,44,2024-05-03
492,44,2024-05-04
493,44,2024-05-06
494,44,2024-05-06
495,44,2024-05-08
496,45,2024-11-18
497,45,2024-11-19
498,45,2024-11-19
499,46,2023-03-28
500,46,2023-03-29
501,46,2023-03-30
502,46,2023-03-31
503,47,2023-10-25
504,47,2023-10-26
505,47,2023-10-27
506,47,2023-10-28
507,47,2023-10-29
508,47,2023-10-30
509,47,2023-11-01
510,47,2023-11-01
511,47,2023-11-02
512,47,2023-11-03
513,47,2023-11-04
514,47,2023-11-05
515,47,2023-11-06
516,47,2023-11-08
517,47,2023-11-08
518,47,2023-11-09
519,47,2023-11-10
520,47,2023-11-11
521,48,2023-06-06
522,48,2023-06-07
523,48,2023-06-08
524,48,2023-06-09
525,48,2023-06-11
526,48,2023-06-11
527,49,2024-06-02
528,49,2024-06-02
529,49,2024-06-03
530,49,2024-06-04
531,49,2024-06-06
532,49,2024-06-07
533,49,2024-06-07
534,49,2024-06-08
535,49,2024-06-09
536,49,2024-06-11
537,49,2024-06-11
538,49,2024-06-13
539,49,2024-06-13
540,49,2024-06-14
541,49,2024-06-15
542,49,2024-06-16
543,49,2024-06-17
544,50,2023-06-24
545,50,2023-06-26
546,50,2023-06-27
547,50,2023-06-27
548,50,2023-06-28
549,50,2023-06-29
550,50,2023-07-01
551,50,2023-07-01
552,50,2023-07-02
553,50,2023-07-04
554,50,2023-07-05
555,50,2023-07-05
556,50,2023-07-07
557,50,2023-07-08
558,50,2023-07-09
559,50,2023-07-09
560,50,2023-07-10
561,50,2023-07-11
562,50,2023-07-13
563,51,2023-05-04
564,51,2023-05-05
565,51,2023-05-06
566,51,2023-05-08
567,51,2023-05-08
568,51,2023-05-09
569,51,2023-05-10
570,51,2023-05-12
571,51,2023-05-13
572,51,2023-05-13
573,51,2023-05-14
574,51,2023-05-15
575,51,2023-05-16
576,51,2023-05-17
577,51,2023-05-18
578,52,2024-12-25
579,52,2024-12-25
580,52,2024-12-26
581,52,2024-12-27
582,52,2024-12-28
583,52,2024-12-29
584,52,2024-12-31
585,52,2024-12-31
586,52,2025-01-01
587,52,2025-01-02
588,52,2025-01-04
589,52,2025-01-04
590,52,2025-01-06
591,52,2025-01-07
592,52,2025-01-08
593,52,2025-01-08
594,52,2025-01-09
595,52,2025-01-10
596,52,2025-01-11
597,53,2024-08-26
598,53,2024-08-26
599,53,2024-08-27
600,53,2024-08-28
601,53,2024-08-29
602,53,2024-08-30
603,53,2024-08-31
604,53,2024-09-01
605,53,2024-09-03
606,53,2024-09-04
607,53,2024-09-04
608,53,2024-09-05
609,53,2024-09-06
610,53,2024-09-07
611,54,2023-06-29
612,54,2023-06-29
613,54,2023-06-30
614,54,2023-07-01
615,54,2023-07-02
616,54,2023-07-03
617,54,2023-07-04
618,54,2023-07-06
619,54,2023-07-06
620,54,2023-07-07
621,54,2023-07-08
622,54,2023-07-09
623,54,2023-07-10
624,54,2023-07-12
625,54,2023-07-13
626,55,2023-05-17
627,55,2023-05-18
628,55,2023-05-19
629,55,2023-05-21
630,55,2023-05-22
631,55,2023-05-22
632,55,2023-05-23
633,55,2023-05-24
634,55,2023-05-25
635,55,2023-05-27
636,55,2023-05-27
637,55,2023-05-28
638,55,2023-05-29
639,55,2023-05-30
640,55,2023-05-31
641,55,2023-06-01
642,55,2023-06-02
643,55,2023-06-03
644,55,2023-06-04
645,55,2023-06-06
646,56,2024-08-04
647,56,2024-08-05
648,56,2024-08-06
649,56,2024-08-08
650,56,2024-08-08
651,56,2024-08-09
652,56,2024-08-11
653,56,2024-08-11
654,56,2024-08-12
655,56,2024-08-13
656,56,2024-08-14
657,56,2024-08-16
658,56,2024-08-17
659,56,2024-08-18
660,56,2024-08-18
661,56,2024-08-19
662,56,2024-08-20
663,56,2024-08-21
664,56,2024-08-22
665,56,2024-08-23
666,57,2024-05-25
667,57,2024-05-26
668,57,2024-05-27
669,57,2024-05-28
670,57,2024-05-29
671,57,2024-05-30
672,57,2024-06-01
673,57,2024-06-01
674,57,2024-06-02
675,57,2024-06-03
676,58,2023-10-22
677,58,2023-10-23
678,58,2023-10-25
679,58,2023-10-25
680,58,2023-10-26
681,59,2024-08-19
682,59,2024-08-20
683,59,2024-08-21
684,59,2024-08-22
685,59,2024-08-24
686,59,2024-08-24
687,59,2024-08-25
688,59,2024-08-26
689,59,2024-08-27
690,59,2024-08-28
691,59,2024-08-29
692,59,2024-08-30
693,59,2024-08-31
694,59,2024-09-01
695,59,2024-09-03
696,59,2024-09-03
697,59,2024-09-04
698,59,2024-09-05
699,60,2023-03-14
700,60,2023-03-16
701,60,2023-03-16
702,60,2023-03-17
703,60,2023-03-18
704,60,2023-03-19
705,60,2023-03-20
706,60,2023-03-22
707,60,2023-03-22
708,60,2023-03-23
709,60,2023-03-25
710,60,2023-03-26
711,60,2023-03-26
712,60,2023-03-27
713,60,2023-03-28
714,60,2023-03-29
715,61,2023-01-28
716,61,2023-01-28
717,61,2023-01-30
718,61,2023-01-30
719,61,2023-02-01
720,61,2023-02-02
721,61,2023-02-02
722,61,2023-02-04
723,61,2023-02-05
724,62,2024-07-16
725,62,2024-07-18
726,62,2024-07-18
727,62,2024-07-19
728,62,2024-07-20
729,62,2024-07-21
730,62,2024-07-22
731,63,2024-03-23
732,63,2024-03-24
733,63,2024-03-25
734,63,2024-03-26
735,64,2023-08-21
736,64,2023-08-22
737,64,2023-08-23
738,64,2023-08-24
739,64,2023-08-25
740,64,2023-08-26
741,64,2023-08-27
742,64,2023-08-29
743,64,2023-08-29
744,64,2023-08-30
745,64,2023-08-31
746,64,2023-09-01
747,64,2023-09-02
748,64,2023-09-03
749,64,2023-09-04
750,64,2023-09-05
751,65,2024-09-13
752,65,2024-09-13
753,65,2024-09-14
754,65,2024-09-15
755,65,2024-09-16
756,65,2024-09-17
757,65,2024-09-19
758,65,2024-09-19
759,65,2024-09-20
760,65,2024-09-22
761,65,2024-09-22
762,65,2024-09-23
763,65,2024-09-24
764,65,2024-09-25
765,65,2024-09-26
766,66,2023-11-23
767,66,2023-11-24
768,66,2023-11-25
769,66,2023-11-27
770,66,2023-11-28
771,66,2023-11-28
772,66,2023-11-29
773,66,2023-11-30
774,66,2023-12-01
775,66,2023-12-02
776,66,2023-12-03
777,66,2023-12-04
778,66,2023-12-05
779,66,2023-12-06
780,66,2023-12-07
781,66,2023-12-08
782,66,2023-12-09
783,66,2023-12-11
784,66,2023-12-12
785,66,2023-12-12
786,67,2023-01-22
787,67,2023-01-23
788,67,2023-01-24
789,67,2023-01-26
790,67,2023-01-26
791,67,2023-01-27
792,67,2023-01-28
793,67,2023-01-29
794,67,2023-01-31
795,67,2023-02-01
796,67,2023-02-01
797,67,2023-02-03
798,67,2023-02-04
799,67,2023-02-05
800,67,2023-02-05
801,67,2023-02-06
802,67,2023-02-07
803,67,2023-02-09
804,68,2023-07-08
805,68,2023-07-09
806,68,2023-07-10
807,68,2023-07-11
808,68,2023-07-12
809,68,2023-07-13
810,68,2023-07-14
811,68,2023-07-15
812,68,2023-07-16
813,68,2023-07-17
814,68,2023-07-19
815,68,2023-07-20
816,68,2023-07-20
817,68,2023-07-21
818,68,2023-07-23
819,68,2023-07-23
820,69,2024-07-02
821,69,2024-07-02
822,69,2024-07-03
823,69,2024-07-05
824,69,2024-07-06
825,69,2024-07-06
826,69,2024-07-07
827,69,2024-07-08
828,69,2024-07-09
829,69,2024-07-10
830,69,2024-07-11
831,69,2024-07-12
832,69,2024-07-13
833,69,2024-07-14
834,69,2024-07-16
835,69,2024-07-16
836,69,2024-07-17
837,70,2024-01-06
838,70,2024-01-07
839,70,2024-01-08
840,70,2024-01-09
841,70,2024-01-10
842,70,2024-01-11
843,70,2024-01-12
844,70,2024-01-14
845,70,2024-01-15
846,70,2024-01-15
847,70,2024-01-17
848,71,2023-01-10
849,71,2023-01-11
850,71,2023-01-13
851,71,2023-01-13
852,71,2023-01-15
853,71,2023-01-15
854,71,2023-01-16
855,71,2023-01-17
856,71,2023-01-18
857,71,2023-01-19
858,71,2023-01-21
859,71,2023-01-21
860,71,2023-01-22
861,71,2023-01-23
862,71,2023-01-24
863,71,2023-01-26
864,71,2023-01-26
865,72,2023-08-21
866,72,2023-08-22
867,72,2023-08-23
868,72,2023-08-24
869,72,2023-08-25
870,72,2023-08-26
871,72,2023-08-28
872,72,2023-08-28
873,73,2023-02-12
874,73,2023-02-13
875,73,2023-02-14
876,73,2023-02-15
877,73,2023-02-16
878,73,2023-02-17
879,73,2023-02-18
880,73,2023-02-19
881,73,2023-02-20
882,73,2023-02-21
883,73,2023-02-22
884,73,2023-02-24
885,73,2023-02-24
886,73,2023-02-25
887,73,2023-02-26
888,73,2023-02-27
889,73,2023-02-28
890,73,2023-03-01
891,73,2023-03-03
892,73,2023-03-03
893,74,2024-10-19
894,74,2024-10-20
895,74,2024-10-21
896,74,2024-10-22
897,74,2024-10-23
898,74,2024-10-24
899,74,2024-10-26
900,74,2024-10-26
901,74,2024-10-28
902,74,2024-10-28
903,74,2024-10-29
904,74,2024-10-30
905,74,2024-10-31
906,74,2024-11-01
907,74,2024-11-02
908,74,2024-11-03
909,75,2024-08-28
910,75,2024-08-29
911,75,2024-08-30
912,76,2024-06-07
913,76,2024-06-08
914,76,2024-06-10
915,76,2024-06-10
916,76,2024-06-11
917,76,2024-06-13
918,76,2024-06-13
919,76,2024-06-14
920,76,2024-06-15
921,76,2024-06-17
922,76,2024-06-17
923,76,2024-06-18
924,76,2024-06-20
925,76,2024-06-21
926,76,2024-06-21
927,76,2024-06-22
928,76,2024-06-23
929,76,2024-06-24
930,76,2024-06-25
931,77,2023-12-03
932,77,2023-12-04
933,77,2023-12-06
934,77,2023-12-06
935,77,2023-12-07
936,77,2023-12-08
937,77,2023-12-10
938,77,2023-12-11
939,77,2023-12-11
940,77,2023-12-12
941,78,2023-12-27
942,78,2023-12-28
943,78,2023-12-30
944,78,2023-12-30
945,78,2024-01-01
946,78,2024-01-02
947,78,2024-01-02
948,78,2024-01-03
949,78,2024-01-04
950,78,2024-01-06
951,78,2024-01-06
952,78,2024-01-07
953,78,2024-01-08
954,78,2024-01-09
955,78,2024-01-10
956,78,2024-01-11
957,78,2024-01-12
958,78,2024-01-14
959,78,2024-01-15
960,78,2024-01-15
961,79,2024-08-12
962,79,2024-08-13
963,79,2024-08-15
964,79,2024-08-15
965,79,2024-08-16
966,79,2024-08-17
967,79,2024-08-19
968,79,2024-08-19
969,79,2024-08-21
970,79,2024-08-21
971,79,2024-08-22
972,79,2024-08-23
973,79,2024-08-25
974,79,2024-08-25
975,79,2024-08-26
976,79,2024-08-27
977,79,2024-08-28
978,79,2024-08-30
979,80,2024-03-08
980,80,2024-03-10
981,80,2024-03-10
982,80,2024-03-11
983,80,2024-03-12
984,80,2024-03-13
985,80,2024-03-14
986,80,2024-03-15
987,80,2024-03-16
988,80,2024-03-17
989,80,2024-03-18
990,80,2024-03-20
991,80,2024-03-21
992,80,2024-03-22
